{
    "Accurcy": 0.45,
    "Precision": 0.4444444444444444,
    "Recall": 0.4,
    "F1 score": 0.42105263157894735
}
