{
    "Accurcy": 0.45,
    "Precision": 0.42857142857142855,
    "Recall": 0.3,
    "F1 score": 0.35294117647058826
}
